Conditions,Treatment_Rep1,Treatment_Rep2,Treatment_Rep3,Control_Rep1,Control_Rep2,Control_Rep3
BS8,15.1740385,13.41386374,13.95899664,17.57924845,15.16500101,16.1576346
BS7,13.83516224,13.35939215,12.95370293,15.79268124,15.52650342,15.85526314
BS6,13.20119198,13.49199578,13.3804726,15.18208006,15.55184394,15.88982214
BS5,13.77626567,13.421566,12.88612493,15.7813483,15.62072982,15.95432324
BS4,13.32550772,13.80274377,12.91553091,15.96196682,16.12365585,15.79525296
BS3,12.56491668,12.77676978,12.88973585,15.37496502,15.86921156,16.37274642
BS2,13.31851087,12.02227444,12.06310746,15.26264998,15.8903933,16.04081687
BS1,10.87005358,11.36719395,11.27741145,14.92239237,16.05772484,16.46809601